<?xml version="1.0" encoding="utf-8"?>
<browserconfig>
    <msapplication>
        <tile>
            <square70x70logo src="/icons-98f24f0615ef37d54ffa8b9b9bfe5260/mstile-70x70.png"/>
            <square150x150logo src="/icons-98f24f0615ef37d54ffa8b9b9bfe5260/mstile-150x150.png"/>
            <wide310x150logo src="/icons-98f24f0615ef37d54ffa8b9b9bfe5260/mstile-310x150.png"/>
            <square310x310logo src="/icons-98f24f0615ef37d54ffa8b9b9bfe5260/mstile-310x310.png"/>
            <TileColor>#fff</TileColor>

        </tile>

    </msapplication>

</browserconfig>
