{"app":["/app-574e43e6de568d669cc5.js"],"component---src-pages-404-js":["/component---src-pages-404-js-9cea74758b827a334019.js"],"component---src-pages-about-js":["/component---src-pages-about-js-1d77b03c32f94c155d94.js"],"component---src-pages-create-js":["/component---src-pages-create-js-056c534854ed538f1dd3.js"],"component---src-pages-dynamic-search-js":["/component---src-pages-dynamic-search-js-fd0a63a1c96bedd0df1e.js"],"component---src-pages-dynamic-ser-locations-js":["/component---src-pages-dynamic-ser-locations-js-9079ecaf604559c4d281.js"],"component---src-pages-index-js":["/component---src-pages-index-js-84bea913e56d26c9b1cb.js"]}