{"app":["/app-eb57d8888d3d217d149d.js"],"component---src-pages-404-js":["/component---src-pages-404-js-7e5924ffa02f4c188d11.js"],"component---src-pages-about-js":["/component---src-pages-about-js-9072d04929d8cc904ec2.js"],"component---src-pages-create-js":["/component---src-pages-create-js-63438162082b4c98aa52.js"],"component---src-pages-dynamic-ser-locations-js":["/component---src-pages-dynamic-ser-locations-js-daf0886234c0f5141f33.js"],"component---src-pages-index-js":["/component---src-pages-index-js-c7a310dcb1bc905516c6.js"]}