{"errors":[],"warnings":[],"namedChunkGroups":{"app":{"chunks":[8,0,1],"assets":["webpack-runtime-ddf3f333deaab22e8994.js","webpack-runtime-ddf3f333deaab22e8994.js.map","commons.bf6e670da7670ddecd42.css","commons-686058325d16b2477019.js","commons-686058325d16b2477019.js.map","app-eb57d8888d3d217d149d.js","app-eb57d8888d3d217d149d.js.map"],"children":{},"childAssets":{}},"component---src-pages-404-js":{"chunks":[2],"assets":["component---src-pages-404-js-7e5924ffa02f4c188d11.js","component---src-pages-404-js-7e5924ffa02f4c188d11.js.map"],"children":{},"childAssets":{}},"component---src-pages-about-js":{"chunks":[0,3],"assets":["commons.bf6e670da7670ddecd42.css","commons-686058325d16b2477019.js","commons-686058325d16b2477019.js.map","component---src-pages-about-js-9072d04929d8cc904ec2.js","component---src-pages-about-js-9072d04929d8cc904ec2.js.map"],"children":{},"childAssets":{}},"component---src-pages-create-js":{"chunks":[0,7,4],"assets":["commons.bf6e670da7670ddecd42.css","commons-686058325d16b2477019.js","commons-686058325d16b2477019.js.map","styles.4e123fceab5b436b2b3b.css","styles-6f61283c6cdcad3176c5.js","styles-6f61283c6cdcad3176c5.js.map","component---src-pages-create-js-63438162082b4c98aa52.js","component---src-pages-create-js-63438162082b4c98aa52.js.map"],"children":{},"childAssets":{}},"component---src-pages-dynamic-ser-locations-js":{"chunks":[0,5],"assets":["commons.bf6e670da7670ddecd42.css","commons-686058325d16b2477019.js","commons-686058325d16b2477019.js.map","component---src-pages-dynamic-ser-locations-js-daf0886234c0f5141f33.js","component---src-pages-dynamic-ser-locations-js-daf0886234c0f5141f33.js.map"],"children":{},"childAssets":{}},"component---src-pages-index-js":{"chunks":[0,6],"assets":["commons.bf6e670da7670ddecd42.css","commons-686058325d16b2477019.js","commons-686058325d16b2477019.js.map","component---src-pages-index-js-c7a310dcb1bc905516c6.js","component---src-pages-index-js-c7a310dcb1bc905516c6.js.map"],"children":{},"childAssets":{}}},"assetsByChunkName":{"app":["webpack-runtime-ddf3f333deaab22e8994.js","commons.bf6e670da7670ddecd42.css","commons-686058325d16b2477019.js","app-eb57d8888d3d217d149d.js"],"component---src-pages-404-js":["component---src-pages-404-js-7e5924ffa02f4c188d11.js"],"component---src-pages-about-js":["commons.bf6e670da7670ddecd42.css","commons-686058325d16b2477019.js","component---src-pages-about-js-9072d04929d8cc904ec2.js"],"component---src-pages-create-js":["commons.bf6e670da7670ddecd42.css","commons-686058325d16b2477019.js","styles.4e123fceab5b436b2b3b.css","styles-6f61283c6cdcad3176c5.js","component---src-pages-create-js-63438162082b4c98aa52.js"],"component---src-pages-dynamic-ser-locations-js":["commons.bf6e670da7670ddecd42.css","commons-686058325d16b2477019.js","component---src-pages-dynamic-ser-locations-js-daf0886234c0f5141f33.js"],"component---src-pages-index-js":["commons.bf6e670da7670ddecd42.css","commons-686058325d16b2477019.js","component---src-pages-index-js-c7a310dcb1bc905516c6.js"]}}