{"errors":[],"warnings":[],"namedChunkGroups":{"app":{"chunks":[9,0,2],"assets":["webpack-runtime-9df1f6438ca2b1f1eb3c.js","webpack-runtime-9df1f6438ca2b1f1eb3c.js.map","commons.bf6e670da7670ddecd42.css","commons-e9d3baffac361ffc2ef1.js","commons-e9d3baffac361ffc2ef1.js.map","app-574e43e6de568d669cc5.js","app-574e43e6de568d669cc5.js.map"],"children":{},"childAssets":{}},"component---src-pages-404-js":{"chunks":[3],"assets":["component---src-pages-404-js-9cea74758b827a334019.js","component---src-pages-404-js-9cea74758b827a334019.js.map"],"children":{},"childAssets":{}},"component---src-pages-about-js":{"chunks":[0,4],"assets":["commons.bf6e670da7670ddecd42.css","commons-e9d3baffac361ffc2ef1.js","commons-e9d3baffac361ffc2ef1.js.map","component---src-pages-about-js-1d77b03c32f94c155d94.js","component---src-pages-about-js-1d77b03c32f94c155d94.js.map"],"children":{},"childAssets":{}},"component---src-pages-create-js":{"chunks":[0,1,5],"assets":["commons.bf6e670da7670ddecd42.css","commons-e9d3baffac361ffc2ef1.js","commons-e9d3baffac361ffc2ef1.js.map","styles.a0085307a873140e929a.css","styles-8526f81a87f245e804dd.js","styles-8526f81a87f245e804dd.js.map","component---src-pages-create-js-fd96bb245cee0e3a6cc2.js","component---src-pages-create-js-fd96bb245cee0e3a6cc2.js.map"],"children":{},"childAssets":{}},"component---src-pages-dynamic-search-js":{"chunks":[0,1,6],"assets":["commons.bf6e670da7670ddecd42.css","commons-e9d3baffac361ffc2ef1.js","commons-e9d3baffac361ffc2ef1.js.map","styles.a0085307a873140e929a.css","styles-8526f81a87f245e804dd.js","styles-8526f81a87f245e804dd.js.map","component---src-pages-dynamic-search-js-fd0a63a1c96bedd0df1e.js","component---src-pages-dynamic-search-js-fd0a63a1c96bedd0df1e.js.map"],"children":{},"childAssets":{}},"component---src-pages-dynamic-ser-locations-js":{"chunks":[0,7],"assets":["commons.bf6e670da7670ddecd42.css","commons-e9d3baffac361ffc2ef1.js","commons-e9d3baffac361ffc2ef1.js.map","component---src-pages-dynamic-ser-locations-js-9079ecaf604559c4d281.js","component---src-pages-dynamic-ser-locations-js-9079ecaf604559c4d281.js.map"],"children":{},"childAssets":{}},"component---src-pages-index-js":{"chunks":[0,8],"assets":["commons.bf6e670da7670ddecd42.css","commons-e9d3baffac361ffc2ef1.js","commons-e9d3baffac361ffc2ef1.js.map","component---src-pages-index-js-84bea913e56d26c9b1cb.js","component---src-pages-index-js-84bea913e56d26c9b1cb.js.map"],"children":{},"childAssets":{}}},"assetsByChunkName":{"app":["webpack-runtime-9df1f6438ca2b1f1eb3c.js","commons.bf6e670da7670ddecd42.css","commons-e9d3baffac361ffc2ef1.js","app-574e43e6de568d669cc5.js"],"component---src-pages-404-js":["component---src-pages-404-js-9cea74758b827a334019.js"],"component---src-pages-about-js":["commons.bf6e670da7670ddecd42.css","commons-e9d3baffac361ffc2ef1.js","component---src-pages-about-js-1d77b03c32f94c155d94.js"],"component---src-pages-create-js":["commons.bf6e670da7670ddecd42.css","commons-e9d3baffac361ffc2ef1.js","styles.a0085307a873140e929a.css","styles-8526f81a87f245e804dd.js","component---src-pages-create-js-fd96bb245cee0e3a6cc2.js"],"component---src-pages-dynamic-search-js":["commons.bf6e670da7670ddecd42.css","commons-e9d3baffac361ffc2ef1.js","styles.a0085307a873140e929a.css","styles-8526f81a87f245e804dd.js","component---src-pages-dynamic-search-js-fd0a63a1c96bedd0df1e.js"],"component---src-pages-dynamic-ser-locations-js":["commons.bf6e670da7670ddecd42.css","commons-e9d3baffac361ffc2ef1.js","component---src-pages-dynamic-ser-locations-js-9079ecaf604559c4d281.js"],"component---src-pages-index-js":["commons.bf6e670da7670ddecd42.css","commons-e9d3baffac361ffc2ef1.js","component---src-pages-index-js-84bea913e56d26c9b1cb.js"]}}